user_id,app_name,event_datetime,event_type,user_prompt,chat_response
5a4ffbc076d1c60001aa9438,google_bard,2023-08-11 19:48:08,chat,draw me a picture with a black cat on top of a cow,"I can't create images yet so I'm not able to help you with that.
"
5a4ffbc076d1c60001aa9438,google_bard,2023-12-05 16:15:59,chat,Who was Robert S. Taylor in the library world,"
Robert Saxton Taylor (1918-2009) was an influential library scholar and information scientist who played a pivotal role in shaping the field of library and information science (LIS) during the 20th century. He is widely recognized for his pioneering contributions to user studies, information seeking behavior, and the development of information systems. Taylor's work had a profound impact on how libraries approached information provision and user engagement, and his ideas continue to resonate in the digital age.
Early Life and Education
Born in Ithaca, New York, in 1918, Taylor graduated from Cornell University in 1940 with a Bachelor of Arts degree in history. After serving in the U.S. Army during World War II, he began his career in librarianship at the Princeton University library.
Emergence as a Scholar and Educator
In 1956, Taylor accepted a Fulbright Scholarship to study at the University of Sheffield in England. His experience there exposed him to emerging ideas in information science and further ignited his interest in the field. Upon his return to the United States, he held positions at Lehigh University and Hampshire College, where he continued to develop his research and teaching in LIS.
Major Contributions to Library and Information Science
Taylor's most notable contributions to LIS revolve around understanding user behavior and designing information systems to effectively meet user needs. His seminal work, ""Question-Negotiation and Information Seeking in Libraries"" (1967), introduced the concept of ""levels of information need"" and emphasized the importance of understanding how individuals progress from initial broad questions to specific inquiries.
Taylor also played a crucial role in developing automated information retrieval systems, recognizing the potential of technology to enhance the search and retrieval of information. He advocated for user-centered design principles in the creation of information systems, ensuring that they aligned with the needs and behaviors of library users.
Dean of the Syracuse University School of Information Studies
In 1972, Taylor took on the leadership role as Dean of the Syracuse University School of Information Studies (iSchool). During his tenure, he transformed the iSchool into a leading center for LIS education and research. He established interdisciplinary programs, expanded international partnerships, and fostered a culture of innovation and collaboration.
Legacy and Impact
Robert S. Taylor's contributions to library and information science are profound and enduring. His work has shaped the way libraries operate, information systems are designed, and individuals seek and utilize information. His legacy continues to inspire LIS practitioners and researchers to focus on user needs and to explore new technologies for information access and delivery.
In recognition of his exceptional contributions, Taylor received numerous awards and honors throughout his career, including the Ida and George Brown Book Award from the American Library Association (1981) and the Distinguished Service Award from the American Society for Information Science (1994).
Taylor's legacy is one of innovation, foresight, and dedication to improving the accessibility and usability of information. His work has had a lasting impact on the field of LIS, and his ideas continue to guide the development of libraries and information services in the digital age.
"
5a4ffbc076d1c60001aa9438,google_bard,2023-12-05 16:17:11,chat,Tell me more about his question negotation and information seeking in libraries work,"I'm sorry. I'm not able to access the website(s) you've provided. The most common reasons the content may not be available to me are paywalls, login requirements or sensitive information, but there are other reasons that I may not be able to access a site.





"
5a4ffbc076d1c60001aa9438,google_bard,2023-12-05 16:17:42,chat,explain what this is about: Question-Negotiation and Information Seeking in Libraries,"
Sure, I can explain what Robert S. Taylor's ""Question-Negotiation and Information Seeking in Libraries"" (1967) is about. It's a groundbreaking work that delves into the often-complex and nuanced process of information seeking, specifically within the library context.

Here are the key points:

Levels of information need: Taylor proposes a four-level framework to understand how users' information needs evolve:

- Visceral: The initial, vague, and often unspoken need that triggers the search for information.
- Conscious: A more focused awareness of the need, with some idea of the topic or question.
- Formalized: The need is translated into a specific question or search query.
- Compromised: The final, refined question that emerges through negotiation with the librarian or information system.

Question negotiation: This refers to the dynamic interaction between user and librarian (or information system) during the search process. It's not just about asking a question and getting an answer; it's about clarifying, refining, and tailoring the question to yield the most relevant results.

Librarian as information intermediary: Taylor emphasizes the crucial role of the librarian in facilitating this negotiation. Through active listening, questioning, and understanding the user's context and goals, the librarian helps users bridge the gap between their visceral and compromised needs.

Impact on library practice: This work significantly influenced how librarians approach reference interactions. It encouraged a more collaborative and user-centered approach, moving away from simply providing answers towards guiding users to formulate and refine their own questions effectively.

Beyond libraries: The concept of question negotiation and information needs extends beyond libraries. It's applicable to various information-seeking scenarios, from online searches to academic research consultations.

Overall, ""Question-Negotiation and Information Seeking in Libraries"" is a seminal work that shed light on the complexities of information seeking and the vital role of intermediaries in facilitating successful searches. It continues to be a foundational text for library and information science, shaping how we understand and support users in their pursuit of information.

I hope this explanation helps! Let me know if you have any other questions about Taylor's work or information seeking in general.
"
5a4ffbc076d1c60001aa9438,google_bard,2023-12-05 16:20:41,chat,How does that relate to how parents of children with austim seek information?,"There are several interesting connections between Reijo Savolainen's ""Everyday Life Information Seeking: Approaching Information Seeking in the Context of 'Way of Life'"" and how parents of children with autism seek information:

Similarities in information goals:

- Managing complexity: Both parents and individuals with everyday information seeking needs navigate complex information environments to find what they need. For parents of autistic children, this complexity can involve understanding unfamiliar diagnoses, navigating specialized care options, and advocating for their child's needs.

- Seeking coherence and meaning: Just as individuals in Savolainen's study use information to make sense of their daily lives, parents of autistic children often seek information to understand their child's unique behaviors and find ways to support their development and well-being.

- Fulfilling ""mastery of life"" goals: Both frameworks acknowledge that information seeking is driven by a desire to achieve certain goals and live a fulfilling life. For parents of autistic children, this might involve ensuring their child's safety and happiness, promoting their independence, or contributing to the autistic community.

Differences in context and approach:

- Urgency and emotional charge: While everyday information seeking can be ongoing and iterative, the needs of parents of autistic children can often be urgent and emotionally charged. They may be facing immediate challenges or critical decisions, making their information seeking more focused and intense.

- Social and cultural factors: The ""way of life"" concept highlights how cultural and social factors shape information seeking. In the context of autism, parents might navigate specific communities, support groups, or even online subcultures that influence their information preferences and behaviors.

- Information overload and vulnerability: Parents of autistic children can be particularly susceptible to information overload and misinformation due to the vast amount of often conflicting advice available. This underscores the need for trustworthy sources and support systems tailored to their specific needs.

Bridging the gap:

Savolainen's framework can be a valuable tool for understanding the information needs of parents of autistic children by:

- Recognizing the emotional and social context: It encourages us to move beyond user-centered design and consider the unique challenges and vulnerabilities these parents face.
- Supporting diverse ""mastery of life"" goals: By acknowledging different mastery types, we can tailor information services and resources to meet the specific needs of each parent, whether they are seeking practical solutions, emotional support, or opportunities for advocacy.
- Promoting information literacy: Equipping parents with critical thinking skills and source evaluation strategies can empower them to navigate the complex information landscape and make informed decisions for their child.

In conclusion, while there are both similarities and differences in how parents of autistic children seek information compared to individuals in everyday life, Savolainen's framework offers valuable insights for developing more supportive and effective information services for this specific population."
5a4ffbc076d1c60001aa9438,google_bard,2023-12-05 16:42:30,chat,How can library and information science professionals create better systems and services for parents of children with autism?,"Recommendations for library and information science professionals to create better systems and services for parents of children with autism:

Based on information behaviors:

- Understand the emotional and social context: Recognize the urgency, anxiety, and hope that parents experience. Offer resources in a non-judgmental and empathetic environment.
- Anticipate diverse information needs: cater to various ""mastery of life"" types. Offer practical solutions, emotional support, opportunities for advocacy, and celebration of successes.
- Address information overload and misinformation: Provide curated, reliable sources, debunk myths, and teach critical evaluation skills. Consider offering librarian-mediated searches or personalized recommendations.
- Support information seeking across formats: Offer print, audio, video, and online resources to cater to different preferences and accessibility needs.
- Recognize the ongoing nature of the information journey: Design services that support parents throughout their child's development, not just at diagnosis or crisis points.

Based on Savolainen's ""way of life"" framework:

- Go beyond user-centered design: Conduct research and outreach to understand the specific information needs and challenges faced by parents of autistic children within their communities.
- Partner with autistic individuals and their families: Collaborate on developing resources and services that are truly inclusive and reflect their lived experiences.
- Create culturally sensitive spaces: Consider sensory sensitivities, communication styles, and preferred modes of interaction. Offer quiet spaces, visual schedules, and alternative communication tools.
- Promote information fluency: Offer workshops on autism-specific topics in collaboration with relevant professionals (therapists, educators, etc.). Teach information literacy skills to empower parents to navigate complex information landscapes.
- Advocate for change within the library system: Raise awareness about autism and its impact on information seeking. Encourage staff training on neurodiversity and inclusive communication.

Additional specific recommendations:

- Develop a designated ""Autism Information Corner"" with curated resources, social stories about library visits, and fidget toys.
- Offer ""sensory-friendly"" storytimes or book clubs specifically for autistic children and their families.
- Create online communities and forums for parents to connect, share experiences, and offer peer support.
- Partner with local autism organizations to co-host workshops, information sessions, and advocacy events.
- Offer training for library staff on autism spectrum disorder (ASD) to improve understanding and communication.
- Develop social narratives explaining library rules and procedures in an accessible format.
- Consider offering individual consultations with librarians trained in ASD to help parents navigate specific information needs.

By implementing these recommendations, library and information science professionals can create welcoming and supportive environments that empower parents of children with autism to effectively seek and utilize information throughout their journey."
5a4ffbc076d1c60001aa9438,google_bard,2023-12-05 16:42:58,chat,Can you put this into paragraphs?,"Creating Libraries that Embrace Neurodiversity: Recommendations for Serving Parents of Autistic Children

Parents of children with autism face a unique set of challenges in their quest for information. They navigate complex landscapes, often seeking urgent solutions, emotional support, and opportunities to advocate for their child's needs. Library and information science (LIS) professionals can play a crucial role in supporting these parents by creating systems and services that are informed by both information behavior and theoretical frameworks like Savolainen's ""way of life.""

Understanding the Emotional Journey:

LIS professionals must move beyond user-centered design and acknowledge the emotional and social context surrounding information seeking for parents of autistic children. Their search is fueled by urgency, anxiety, and hope, and libraries should offer resources in a non-judgmental and empathetic environment.

Catering to Diverse Needs:

Parents embody different ""mastery of life"" types, seeking practical solutions, emotional support, or advocacy tools. Libraries can cater to this diversity by providing curated resources, workshops, and online communities that address each type of need. Additionally, offering librarian-mediated searches and personalized recommendations can help combat information overload and misinformation.

Beyond Print: Embracing Formats:

Parents deserve information access in various formats. Libraries should offer print, audio, video, and online resources, considering accessibility needs and sensory sensitivities. Recognizing the ongoing nature of the information journey, library services should support parents throughout their child's development, not just at diagnosis or crisis points.

Savolainen's Framework for Inclusion:

Savolainen's ""way of life"" framework encourages LIS professionals to go beyond user-centered design. Partnering with autistic individuals and their families allows for co-creation of resources and services that reflect lived experiences. Culturally sensitive spaces, with quiet areas, visual schedules, and alternative communication tools, can foster inclusivity.

Information Fluency and Advocacy:

LIS professionals can empower parents by offering workshops on autism-specific topics and information literacy skills. Partnering with relevant professionals like therapists and educators can enrich these programs. Advocating for change within the library system involves raising awareness about autism and its impact on information seeking, encouraging staff training on neurodiversity and communication, and developing social narratives explaining library rules in an accessible format.

Specific Initiatives:

- Create a designated ""Autism Information Corner"" with curated resources, social stories, and fidget toys.
- Offer ""sensory-friendly"" storytimes and book clubs.
- Host online communities and forums for peer support.
- Partner with local autism organizations for workshops and events.
- Train staff on ASD to improve communication and understanding.

By implementing these recommendations, LIS professionals can create libraries that embrace neurodiversity and empower parents of autistic children to confidently navigate the information landscape throughout their journey.
---"